"city","n","mean","sigma","CV","iqr","min","Q1","median","Q3","max","total"
"Beaumont",60,1679.31666666667,91.1338169883719,5.4268393089474,124.5,1500,1619.25,1676,1743.75,1857,100759
"Bryan-College Station",60,1458.13333333333,252.527526049002,17.3185483299882,349.75,882,1268.5,1489,1618.25,1984,87488
"Tyler",60,2905.05,226.75458435371,7.80553120785218,303.25,2272,2742.25,2887.5,3045.5,3296,174303
"Wichita Falls",60,909.583333333333,73.7550438761658,8.10866263411809,103.75,743,857.75,911,961.5,1052,54575
