"name","min","Q1","median","Q3","max","n","mu","variance","sigma","CV","skewness","kurtosis"
"sales",79,127,175.5,247,423,240,192.291666666667,6344.29951185495,79.6511111777793,41.4220296482492,0.718104024884959,-0.313176409071494
