"city","n","mean","sigma","CV","iqr","min","Q1","median","Q3","max","total"
"Beaumont",60,26.1316,6.9703838797091,26.6741564990628,8.2185,13.496,21.946,25.6185,30.1645,42.028,1567.896
"Bryan-College Station",60,38.1916,17.248576779608,45.1632735460364,23.717,15.151,24.702,33.5925,48.419,83.547,2291.496
"Tyler",60,45.7673833333333,13.1071456124056,28.6386169752015,17.57025,21.05,35.74825,45.0835,53.3185,80.814,2746.043
"Wichita Falls",60,13.9301666666667,3.23976556573218,23.2571916995407,4.80175,8.166,11.4415,13.711,16.24325,20.881,835.81
